store_profit,products_in_stock,product_rating,business,number_of_stores,number_of_employees
4338.108327563967,109.93428306022466,38.61735698828815,souvenirs,2,80
1939.910529642113,112.95377076201385,55.23029856408026,supermarket,1,15
299.38139159594346,95.31693250553329,37.6586304305082,construction,7,81
565.626098235582,131.58425631014782,47.67434729152909,souvenirs,4,15
365.7507501864359,90.61051228130096,45.42560043585965,toys,11,9
597.6218789518064,90.73164614375075,35.34270246429743,celphone,13,64
185.29590635589284,104.83924543132068,20.86719755342202,car wash,2,81
1111.8783271967657,65.50164334973934,34.37712470759027,restaurant,5,88
1425.6424620632831,79.74337759331152,43.142473325952736,sportsware,10,60
638.7673207080334,81.83951848957578,25.876962986647086,clothes,9,66
406.5694969559545,129.31297537843108,37.74223699513465,toys,8,73
2457.9915099082746,101.35056409375848,25.752518137865433,sweet store,4,67
1135.6827806022727,89.11234550949635,41.10922589709866,sweet store,8,41
2024.1674602216713,76.98012845155395,43.75698018345672,market,4,55
1210.4224428892242,87.9872262016239,37.083062502067236,restaurant,13,34
87.13643285164653,87.96586775541206,58.522781845089376,construction,6,74
229.04217900282492,99.73005550524132,29.422890710440996,pharmacy,13,90
361.6889969456528,116.45089824206377,27.791563500289776,pharmacy,8,49
873.429805072262,104.1772719000951,20.403298761202244,market,10,42
1093.4348675350752,73.43627902203139,41.96861235869123,pharmacy,4,46
281.7685873962308,114.76933159990821,41.7136828118997,construction,14,73
133.0604170302995,97.68703435223519,36.98896304410711,toys,3,66
517.6687249917511,70.42956019265145,32.801557916052914,ice cream,2,81
264.9697047251002,90.78722458080425,50.57122226218915,construction,5,8
275.2004128401253,106.87236579136923,22.36959844637266,supermarket,2,85
399.40049513912777,106.4816793878959,36.149177195836835,paper store,10,71
132.83300496187258,86.46155999388083,46.11676288840868,paper store,10,57
798.7680025693302,120.61999044991902,49.31280119116199,ice cream,8,70
1733.1953254558978,83.21564953554723,36.907876241487855,souvenirs,13,86
2053.741515074863,106.62526862807128,49.75545127122359,restaurant,8,95
548.6559772341251,90.4165152430942,38.14341023336183,construction,8,80
148.5433656559935,77.87330051987944,28.037933759193294,construction,8,64
425.9268898190403,116.25051644788397,53.56240028570823,toys,13,60
80.1655888309524,98.55979756839332,50.03532897892024,clothes,9,18
757.7415089243957,107.23272050095268,33.54880245394876,sportsware,5,36
557.0238267081234,107.22791211016828,55.38036566465969,souvenirs,7,21
622.2253377287944,99.28347921780097,55.64643655814006,sportsware,8,93
656.570476900117,47.60509791820511,48.21902504375224,supermarket,10,64
3442.563298942775,101.74094136476343,37.009926495341325,construction,7,16
371.16913217653655,101.83521553071004,20.124310853991073,celphone,5,45
786.2731802266828,95.60656224324975,43.57112571511746,celphone,4,44
1268.6570296759091,129.55788089483033,34.81729781726352,eletronic,8,98
1071.6899018274958,83.83012794213624,34.982429564154636,sweet store,13,12
1111.1636632768962,118.30804235404148,43.287511096596845,eletronic,5,47
1229.5495421904866,89.40479592465923,45.13267433113356,paper store,7,61
1648.8750363188417,101.9415509869608,49.68644990532889,frouts and vegetables,2,23
2625.9974646303212,85.95893812245295,36.723378534022316,mecanic,4,80
53.408430880019296,92.15783693735685,25.364850518678814,mecanic,3,8
433.8505706680553,105.92240554129152,42.610552721798896,celphone,13,64
979.2614204023563,100.10226913284922,37.65412866624853,ice cream,12,20
252.11704022524782,71.69258515899172,35.79354677234641,mecanic,6,41
53.56100139676346,93.14570966946461,31.97722730778381,car wash,11,83
406.83935286249766,96.77428576667981,44.040508568145384,ice cream,8,34
2141.9170052967033,137.7237180242106,41.74577812831839,car wash,9,69
1253.5992630244107,105.15100781445528,39.25554084233833,toys,4,71
422.0302486105302,61.62457569401917,39.73486124550783,paper store,11,48
457.426019656657,101.20460419882053,64.63242112485287,celphone,14,97
1538.8603364653452,96.15278070437755,43.015473423336125,baker,11,74
5066.318368038566,99.30576460589513,28.313219623804677,celphone,5,95
1321.9558271120468,122.85645629030041,47.519330326867745,mecanic,9,18
5300.712463030992,115.82063894086093,30.90612545205261,sportsware,9,75
745.4166961779688,128.05588621872198,25.981489372077192,market,4,65
990.6434526036454,111.73714187600541,61.90455625809979,car wash,13,89
153.78747812543816,80.18927349738624,34.33702270397228,paper store,14,59
535.4649908896876,101.99302730175282,34.96524345883801,celphone,13,38
234.5698949772975,68.98673137867735,40.68562974806027,celphone,7,49
588.4043225926541,78.7539257254779,44.73592430635182,souvenirs,3,9
977.0304180755494,81.61151531532394,55.499344050175395,construction,12,72
5928.347566869592,84.33493415327526,36.77938483794324,paper store,11,44
147.04032788346967,116.27034434739339,27.69135683566045,frouts and vegetables,8,26
461.5156510088236,104.54919869208258,53.07142754282428,ice cream,2,77
537.8081972487918,67.85033530877544,41.84633858532304,celphone,6,95
784.4023458401347,105.19765588496847,47.8182287177731,toys,10,51
2609.130823247475,75.26098578243835,26.795433869157236,ice cream,10,51
2928.808364081734,110.43883131233795,42.96984673233186,supermarket,7,46
145.42685563626128,105.00985700691753,43.46448209496975,paper store,2,5
254.94045379937506,86.39950556843019,42.322536971610035,toys,9,64
10164.125161571486,105.86144946597362,32.85648581973632,souvenirs,9,40
102.66289001934956,137.31549022289514,44.73832920911788,eletronic,7,67
336.03969315332097,76.17393005594703,46.5655360863383,celphone,8,76
96.34585989779771,80.50636659545357,47.87084603742452,ice cream,11,75
308.53064865840224,123.17191158014808,31.793176816482895,market,7,71
287.4263721704658,119.26752258488644,44.12780926936498,pharmacy,5,70
690.7940249657923,116.4412031998898,58.967929826539475,market,8,33
825.3509844360652,95.09223767994258,32.4626383564251,celphone,1,26
824.0255267246,82.20971140748954,31.841897150345616,paper store,13,64
985.5151997901688,98.45796581171791,43.41151974816644,toys,1,20
1512.5834903322616,105.53381598660039,48.27183249036024,sportsware,6,90
79.5468511408144,100.26003783755814,54.53534077157317,sportsware,6,48
365.5267223388954,94.70686333524088,67.20169166589619,construction,9,41
1244.024657770877,112.51334695530012,31.428424435837172,celphone,9,64
236.91211879433195,78.58215003877775,44.824724152431855,construction,5,59
2365.8034813653067,95.53074429348298,47.14000494092092,baker,14,62
472.4550316635525,109.4647524914709,39.271710873431275,construction,5,27
564.7793485780429,83.06412563863191,24.851527753141355,market,9,92
1596.3158447833073,91.06970095865958,48.56398794323472,paper store,7,51
959.5778141467559,104.28187488260409,27.54261221288012,toys,11,55
633.0087884180164,103.46361851702363,43.85317379728837,ice cream,10,57
378.50341961549884,82.32285127597734,41.53725105945528,pharmacy,1,54
239.99468871940826,101.16417436892,28.57029702169377,ice cream,5,96
330.7750324932756,107.15574720696567,45.60784526368234,market,4,55
179.55470581216923,121.66102486350553,50.53802052034903,pharmacy,7,93
733.6879253500456,72.44661264085818,30.621749600848773,clothes,14,11
1269.2152495047867,110.3007053441732,45.13785950912209,pharmacy,5,27
215.111373799602,110.30095372612095,78.52731490654722,eletronic,6,54
261.69040496960406,111.41781021386333,51.35565640180599,sweet store,14,52
176.21123041523515,119.08003526986406,46.51391251305798,construction,8,63
527.9289503980667,93.69461510719309,47.589692204932675,restaurant,5,83
703.4117242274351,84.54349570924856,37.63181393259991,souvenirs,2,20
750.5992085226385,90.29272904341794,40.81874139386323,restaurant,5,21
147.00241917857602,146.29317133347018,21.32734807408252,eletronic,7,73
2010.683206383335,113.72520380749027,23.872841288103483,souvenirs,4,46
851.1506018052156,90.56136268421133,50.889505969673664,sportsware,7,48
1213.5453051997902,101.28560038190926,29.222552220706937,construction,13,21
180.86790819919088,85.69392581480064,46.79597748934676,car wash,3,82
1217.981830856315,85.39266736565727,42.16458589581975,paper store,3,62
284.30893823813165,100.91143679807628,33.483996523941826,sportsware,9,94
1265.5177373090382,142.8788817865065,46.33919022318011,ice cream,9,98
2430.114364339461,59.49714826684786,41.86454314769428,eletronic,14,77
175.1804603355863,86.76427070463224,48.52433334796224,sportsware,2,34
2077.629966828609,84.14958523134598,38.85263558533101,restaurant,6,54
1341.440389908474,110.09974557960915,48.657551941701215,celphone,7,20
163.83379859515935,75.99407185888447,36.654987641590516,supermarket,5,81
146.10504146703033,90.50109377678088,33.46670767426288,restaurant,5,89
276.75674888525884,135.30908480562192,44.049817109609556,clothes,11,87
260.7463663869785,74.78232091329909,49.17861947054776,mecanic,4,44
76.15931397253644,142.44312394025266,50.32465260551147,baker,9,96
381.81362842879685,69.61260068091974,35.15765927133749,market,8,21
249.9758531952,125.33822298373245,32.92330534381219,restaurant,6,88
992.0370042673133,108.87638856292457,47.74634053429337,restaurant,11,8
154.84907313831854,81.46139056843833,39.404746439382,celphone,14,80
107.24290252746596,35.17465319861854,29.756123586657104,sportsware,12,21
420.74003209094144,94.9486369721368,27.522168180351507,souvenirs,14,51
564.0543361154978,132.64822607863272,25.698586220393672,market,1,22
436.8871540775176,91.19911026606033,41.30740577286091,baker,3,36
283.2379748722302,128.82546578132232,25.641378488205607,celphone,9,70
202.42799593384098,123.26327504309918,40.10233061019587,toys,5,59
1451.493277228866,80.36982697904098,44.62103474263271,celphone,9,24
851.743915814834,103.9811939114694,33.99783122841205,baker,8,37
139.92965843569846,101.39604169980038,36.1468640313824,pharmacy,6,91
821.8873774377348,102.27034690502497,46.62130674521047,eletronic,2,97
2346.512905145781,131.72033632290703,27.62184501173151,souvenirs,13,89
340.9550161846822,142.66066749312535,20.479122004774982,ice cream,8,8
581.9447700163275,96.96429809928833,45.883172064845766,car wash,4,7
209.81367411700103,105.61983735470065,33.77300480179406,eletronic,5,81
106.45663181300506,95.83755499285449,35.06999065341167,ice cream,10,87
1402.7198197992868,88.21270486111577,48.496020970210246,restaurant,10,15
356.68655940101166,107.14030971930094,33.070904047393455,souvenirs,5,75
375.9020747599925,117.99199750866501,43.072995208766095,pharmacy,6,97
228.84595645981767,116.2572423767792,46.29628841923612,supermarket,8,61
529.4006512045864,83.42009978155855,34.39818959803031,sportsware,9,17
1075.1085219202378,114.94587210246523,46.10370265433465,market,11,61
400.2297388101879,99.58196812071704,41.17327383308782,sweet store,10,5
452.6181180093033,125.5532979157685,34.0842861116417,toys,1,82
496.3325774230516,110.94194762340075,37.97807347566106,sportsware,3,36
2066.664658187909,95.6463759354556,50.9877685198719,toys,6,26
560.5004669852802,116.5083269797606,48.135096360006386,celphone,10,31
344.0768317598147,126.10957614308658,40.21003841632759,souvenirs,4,90
2290.805602295728,113.63905942589928,36.89733243406544,baker,10,34
201.6879141740426,106.48332704976885,38.698569456323156,souvenirs,5,5
374.1618831829554,101.93991929985437,45.95157025436914,car wash,12,67
658.1859853350363,83.63558633533054,60.92387275685461,baker,13,34
759.3256293754174,79.87965237000596,27.85811387212268,baker,7,34
154.28913285119143,123.16221747000135,47.91662693962936,sportsware,5,30
934.4950097114566,112.4823963410431,46.2834550926428,supermarket,1,39
1563.9785666426071,99.7550645430617,31.027456285141685,restaurant,11,47
379.4970562359931,101.51609116387452,33.22838288487888,supermarket,13,6
3010.562144585948,119.50239466835502,38.52942618497861,supermarket,5,88
423.05978299144203,83.49005606414977,36.78614158347007,frouts and vegetables,10,20
423.41392278922433,108.25862908551248,34.36275447196025,market,14,34
306.0150904359332,83.55559208867137,42.436872114919126,restaurant,4,32
823.247829741094,104.89933142217446,34.9305682462887,market,1,76
2082.481032198867,90.57923388763355,42.32049937357636,car wash,12,35
2896.902995005671,71.03831317005351,25.925362256234447,clothes,9,9
392.54552491876234,85.63111557495128,37.86552848288153,supermarket,1,8
2192.3997000366685,106.2181513119601,54.753562169495524,car wash,6,42
96.61867587476263,117.15319246404039,38.40061470036573,ice cream,9,88
134.72554118099197,99.61967584194622,29.97470635362191,supermarket,9,98
1019.2487704557324,99.6297372801522,37.11341361079862,restaurant,2,57
209.60945559449442,106.45437120676179,31.72769056447677,sweet store,6,43
301.2197689098359,110.38693028482345,55.32738913002578,sportsware,10,16
1298.5177811279589,97.82479703086285,44.01711722098941,celphone,14,12
287.20709869278835,113.80287983422225,35.987795281141636,toys,12,18
850.2219541365494,104.48184963620834,40.12592400781795,clothes,5,97
364.60749318981107,101.95352197097664,32.26990216144534,car wash,1,25
199.08309705836473,100.49020348517885,44.979982912454496,market,14,99
4229.958483073588,129.02287215590084,49.59270826085207,toys,11,99
1246.3947525138549,143.06364915023113,32.326524371119504,ice cream,3,26
1335.5635267568405,117.44641273441357,41.83342005738352,toys,1,40
91.41182563541406,143.79605866435344,31.917017146448487,eletronic,8,34
631.5143703509958,83.20556315638447,34.00607354555978,sportsware,3,55
7723.6305061526355,57.52208551380386,34.74244978319239,supermarket,13,28
277.10043105442287,84.81734676892604,41.50393786476208,mecanic,2,14
1136.8449381796486,106.83511951554318,58.761708392158866,market,11,63
365.78129331254627,119.008476763721,34.23096344337597,celphone,11,49
1117.872883067615,82.03170657303284,44.919191715065054,sportsware,4,11
107.49387168760131,73.59533585958715,58.31458765854354,frouts and vegetables,10,43
453.88251256588387,123.58880241442574,35.30824347895295,ice cream,9,77
514.9526099743408,65.73730941818245,53.538723741654124,pharmacy,13,86
147.01261886036173,97.70920309494764,52.378163119734616,frouts and vegetables,13,96
1426.6766593744687,68.11144682411266,34.00624977046227,market,3,76
900.9512834863494,100.10487399436366,40.46980593764742,frouts and vegetables,5,76
976.429210327825,90.99869057041512,46.228499323474985,sportsware,4,44
1843.6418747973032,78.6475914123481,38.576205149787064,souvenirs,13,68
1038.4402317921697,102.40591263423798,45.14438834058749,restaurant,14,63
2974.613613428993,114.2322975617778,28.753579081621307,construction,3,99
429.5953249223045,69.31771658528756,52.77676821898509,baker,13,71
1068.8169035005308,106.64628023959183,32.51513463443446,toys,5,14
499.24461423787346,131.02303951045047,41.156746342928585,paper store,10,54
542.6299800046527,123.58594368127653,40.67518481410109,paper store,14,19
195.6163590600181,141.21495849763974,57.55340842443204,pharmacy,14,60
548.8149538747286,95.02071703041852,49.71570950954356,frouts and vegetables,5,5
332.1524873130038,112.90751899170294,53.68631557532349,sweet store,2,46
214.98776058803924,80.70153078839792,46.86051459998439,restaurant,10,77
690.4844340937028,121.16848973699176,22.412605135768857,toys,10,55
1092.3739627778768,76.3348297466845,19.607678222398995,pharmacy,6,80
176.16820657562448,94.61186331110885,47.17542255795962,clothes,6,79
108.82011457541194,130.04714104192055,40.74094780419775,pharmacy,12,77
1272.1290938433938,132.57231091142583,26.198985417851084,mecanic,7,49
820.064742200838,65.9323512128969,39.44452301103381,market,5,65
625.1751995152874,107.68130897878615,39.67305251905907,celphone,2,99
2259.3126478931044,58.65115799920247,39.10879960487212,market,10,55
176.39576966636855,73.91060998990294,46.69672548830039,pharmacy,3,93
778.5016154385835,107.33196492193696,30.60120213672645,restaurant,3,85
210.9735969956289,89.72266165326613,29.407864781110483,souvenirs,4,56
308.69551438206963,98.74641805453656,49.551423205012384,ice cream,1,62
1193.8062603537917,80.28547907328912,45.040465155178445,frouts and vegetables,1,36
278.492080540247,89.39484763255118,32.07127167737656,frouts and vegetables,6,79
63.7385285827213,97.85939280090885,29.647576775806257,construction,1,6
764.5631515075568,88.92701389305635,28.021221074111516,supermarket,9,70
490.345468721361,139.2945026583278,40.35263551971729,mecanic,11,66
334.98999687251114,86.00548984014829,42.13979910734222,ice cream,13,86
423.0057334232931,97.7534390061834,37.79030400466777,construction,1,46
598.6563604887332,112.2833340008685,47.57507710047305,market,7,48
326.15265963395734,89.38997704778944,34.2418175935532,car wash,9,86
106.90248014494136,94.49896605696712,16.98078835264415,car wash,1,78
1185.5761148982078,69.69617875602896,53.66874267444525,celphone,1,8
395.32780185268155,132.89935427002567,37.50963960443622,souvenirs,14,10
344.5986963666887,111.53113926111533,43.112501545435364,supermarket,8,97
241.09492350712458,161.57761616910477,51.195749114345766,ice cream,7,44
4506.627429349577,97.44164817038467,30.444595593995743,souvenirs,10,63
376.2521731666336,67.87107359484855,42.03463635867223,construction,5,89
1472.9233348758216,84.87298509431393,25.77746290402326,frouts and vegetables,10,50
277.12868496258614,87.06854231514947,29.18451996385605,sweet store,9,21
121.7722473102508,133.74283270145128,48.816397569494505,paper store,12,48
285.29427790428485,99.84054717366766,54.79944138890026,sweet store,7,57
1445.385520861299,101.54736615295236,31.387157986717362,pharmacy,8,25
2385.2200116735494,130.46248154539313,45.38910043684659,frouts and vegetables,1,76
159.34650691178467,79.25507691347087,38.09661321916392,market,4,83
87.70226522229223,82.48763493230486,26.17200269035664,pharmacy,3,42
171.13548346928997,118.52355095063282,59.094166404701305,mecanic,2,19
576.9512884330866,72.02864852361718,45.62969236690571,paper store,1,69
473.7752579934074,86.98714861756346,35.12874616235304,mecanic,13,6
3094.080003267309,88.15212151522262,31.36009230320184,market,5,89
860.2056489826463,100.97043255889653,31.69049883588962,clothes,4,41
183.51400850525806,105.40913651559677,39.49761890550863,eletronic,11,8
2169.117713060438,95.2210390626718,30.924363379584022,car wash,3,54
210.73364711157342,88.46457338863334,47.55391225825756,market,14,50
2391.158398121103,110.01834375248761,30.22444755201449,mecanic,2,88
600.7412489809773,101.98664610858452,47.51387123371789,frouts and vegetables,7,33
749.3630333021842,66.61189437757257,45.43360192379935,supermarket,7,86
354.74570609421664,86.74752482108306,45.70598668593159,celphone,9,84
686.3238727662815,84.73481686914967,21.95117899335481,sweet store,13,77
1139.2568219146842,67.44915124233674,40.48084946661382,celphone,14,39
983.9487146659827,105.19445003442964,30.956833748955916,sweet store,14,68
889.1100961457381,112.77184917554747,23.3847993773104,construction,10,63
227.88828247870765,98.67840402705367,27.889838002375434,toys,3,73
526.8018075169259,86.96327784395682,40.47398671316414,toys,14,81
881.4738383013787,82.79173269432096,36.154444557701744,ice cream,13,37
323.0990593855721,120.1258561842888,34.23108130476851,eletronic,1,96
609.3669023513701,116.71384224130284,28.70293145342382,supermarket,3,21
797.600050360536,110.59608355830565,54.415686206579004,toys,8,64
347.69903793436026,50.56710999745421,32.03104744529523,sweet store,6,79
852.9770338392806,111.5414425436108,37.96954613957007,sportsware,2,79
3143.2363870730287,107.42291746742617,33.960148132841795,pharmacy,3,31
1027.0599196946962,101.731795749458,38.44322764607921,clothes,7,79
344.39605311630817,123.35564123319614,42.54420843301213,paper store,10,82
2561.2102697785876,106.75205324150404,35.881230338775325,souvenirs,1,86
832.2162385718964,90.24787551855013,35.67441812180379,ice cream,11,38
401.32371961501474,107.88904284756593,35.79015519179737,sweet store,7,33
104.71748337439158,105.79549713792827,60.75400798645439,eletronic,2,32
298.68498723858704,117.42249406863385,36.73976467832159,clothes,10,94
675.1415734913709,124.02427844327889,35.91924626978449,mecanic,7,88
141.4276676770428,59.23750929644292,29.91913689082596,clothes,9,13
980.340398370352,62.58416157948289,36.48486515958692,toys,9,72
185.5738188508185,100.36836758379103,56.76437312275283,celphone,2,40
61.74525267858917,106.53854747528325,37.80899471191136,clothes,1,15
5141.8594853513805,116.58811162366979,17.88864690992115,ice cream,7,23
363.9837711160503,104.71229116217131,47.708651938869664,mecanic,8,25
386.2979900218477,70.42827508440317,51.43754043206929,pharmacy,4,41
335.3273259694107,106.76992814988829,35.847120860991986,mecanic,7,6
162.72218985006975,112.6556373221257,62.70692857804396,sweet store,14,31
725.8887353554499,103.6373251011699,42.48220586300336,ice cream,14,5
167.00458772368893,90.81278200919512,31.501556305352082,restaurant,7,76
665.5938716951348,116.60671633088491,31.439161740911327,celphone,10,74
986.2968401536822,101.43132474438785,35.223425532348834,mecanic,7,94
7293.327862609279,109.57959651492784,43.33662105286948,baker,10,94
1796.7789744816198,120.75079888515799,34.89983601145253,pharmacy,3,65
241.97693143117522,94.60250129413258,30.212362842176926,car wash,1,78
430.55724945481836,91.11413479847776,43.77300493044852,clothes,5,88
279.7264324499297,115.13977233290704,30.778346758223748,sweet store,7,35
654.3096950480414,117.3921184021132,53.55637858804951,celphone,7,30
2436.7185621896947,108.26869806447402,58.76795812558066,mecanic,14,32
468.3403555413936,84.52421601792854,27.55345296688583,frouts and vegetables,14,10
96.20625730798474,64.42559502191443,54.96044311489183,car wash,11,10
1973.5628963646818,113.08731312708116,39.44415329089545,supermarket,13,37
111.97912882719584,105.59937252639641,28.745109527016233,car wash,4,82
196.24071142966045,148.91503959233654,41.292211819752275,baker,7,29
171.6894451041128,102.18789589209786,47.25766623898692,pharmacy,4,86
158.6678384200577,109.62018463473427,42.23884024279131,restaurant,12,94
459.45457621053527,84.19051089109377,44.714683571359956,celphone,11,31
1271.3333891144614,137.6404899295007,53.454200461549775,market,3,52
267.32890385341364,131.86373253278794,34.88784323568815,pharmacy,4,11
550.6278127552114,80.20790359482838,38.74213079900352,eletronic,9,6
132.59730456742363,101.11449824577389,50.94191518470949,toys,9,19
208.50766757972633,66.15070740570361,55.29550319460614,sportsware,3,31
231.00977843512442,96.83984202842021,35.7311893005258,restaurant,2,29
296.6396070378514,79.75791249479664,23.451433281342307,celphone,4,9
569.6631131064123,116.46341167923829,40.73317967188404,mecanic,3,48
173.10720274484424,74.20078200517892,27.04921227936384,frouts and vegetables,12,75
2423.8284582964357,93.28430601419744,56.69021525289393,construction,5,72
306.7940495523784,94.8081729727279,24.96857046881894,celphone,13,49
103.74521993319922,95.08513871828112,37.27276430252329,supermarket,12,28
665.0717300886033,46.06226714116857,39.45705133482188,sweet store,1,98
314.89860816157613,95.38130939582643,46.96206364813418,souvenirs,9,77
217.65713205680981,136.9791218989069,51.26565029547757,paper store,5,26
84.67399183333964,94.62222618890338,28.934740912583298,market,9,70
416.10995724487384,151.4671960649972,40.59218434014488,car wash,6,20
180.18402476323058,100.27858583825892,39.758749128899964,sportsware,2,54
920.5075158343283,103.9616952153571,38.556395880760576,car wash,6,29
936.8743027007715,88.52675986239527,34.53141058759608,car wash,4,35
2438.54401847968,99.34493459568003,34.56575228866235,sweet store,12,24
442.611297504048,85.74308434645671,41.064302276918966,celphone,1,88
1614.7972788631516,94.90045565158289,55.039929885826886,clothes,8,57
776.2367937235682,46.980603832139764,50.91506851922462,baker,13,94
547.6385074074848,124.92170384995258,19.266097675918505,celphone,6,33
204.16150323439365,93.14624811839303,36.28559134004209,pharmacy,10,44
456.5543267305261,71.84976610564357,32.22183312409125,car wash,2,18
1043.5986772434353,77.78848309068343,57.52270443423623,pharmacy,6,36
6965.932500475551,118.71356786294922,52.71555094994159,construction,7,56
473.69873783785533,114.4334412808647,28.709482287827708,construction,2,59
268.2816428769527,89.50959467440452,44.89374561227918,paper store,2,5
204.88232629138065,75.55744382216109,47.12998430172388,ice cream,2,75
643.7292782315424,95.1934920368373,36.251791924504026,eletronic,2,88
2242.871959694264,114.21919936406982,44.4426331148604,paper store,10,42
208.01088343435754,92.7806766836184,51.59329803364248,baker,11,66
424.7990655881297,78.37873344800205,46.15935606944264,pharmacy,8,25
194.9189380253456,111.86202515936768,36.904535606860094,construction,1,87
2318.103316000658,106.52266044484236,27.48886423614697,clothes,4,48
202.7463065169802,118.48054038413802,38.15097863557011,sportsware,6,58
4050.8091734968034,89.54553958961921,50.49009225836889,mecanic,4,20
263.6067717651306,85.91312618914482,25.915387036364404,baker,14,52
1245.6471899149606,68.86741652952193,46.06009951345639,sportsware,5,90
4276.011333844032,74.39141295007434,57.54794181984364,supermarket,11,70
1257.2018988004736,58.36141184232556,56.96456368290038,market,11,83
154.53043960665218,104.22034934405237,39.032868881296075,construction,11,63
2392.0576031124147,89.10161826382101,43.991361143520706,clothes,1,49
196.06078279207645,99.24730595150304,51.03301882016521,restaurant,7,64
356.1974778120127,102.28455297324079,41.50301761461878,sweet store,5,41
632.8579502829525,92.72775575572288,39.43054376278933,ice cream,14,76
1859.3519469283406,106.15603537784118,22.898316073433744,toys,5,55
1568.8522969626827,73.03629155788573,47.43264094022715,eletronic,3,8
200.7891729103403,103.41730876255883,38.16016663647321,baker,6,74
610.9826215354581,100.36867866130787,43.47581705361671,mecanic,12,93
213.4928887586061,89.20480639381277,32.216952745976876,car wash,9,32
1146.261514562317,103.91690510195363,30.21627222384968,eletronic,12,94
310.838221745782,108.16505511428943,22.974163957621595,restaurant,7,88
309.9373486568559,120.58311274651288,44.72597482413043,ice cream,4,91
394.1669750121026,105.12059468627751,49.82690983945514,eletronic,8,71
753.1435700288864,133.30948888925153,50.1437006501813,mecanic,6,45
1705.2073420659033,63.182515373367096,27.204230332642986,eletronic,11,55
281.3563690691311,87.50362844608642,40.26091050210834,toys,11,35
4627.9353423515595,110.35318040938246,32.742561868465344,baker,10,16
366.49414154670274,103.73533528954157,32.44617067646678,construction,7,17
1972.4289676227709,87.76964394016103,25.933389031517777,mecanic,10,94
698.4735237240873,81.53533507778192,26.483153943836662,pharmacy,1,43
374.7836756704053,80.48253494045335,50.536417966078396,ice cream,3,52
1194.0251709543327,81.01202222336114,66.32382064837391,paper store,7,47
338.3270191217505,109.86635801761778,41.84836123694874,eletronic,9,52
168.15230463797297,82.83284439637573,47.003098794089915,sweet store,4,50
131.61929574771693,88.48724347524453,41.220098146453616,baker,14,62
284.53021199660463,151.2016907653759,39.0394010027535,clothes,1,19
855.8608688323707,122.98546652571352,32.96823574874112,car wash,4,81
225.7917511725043,99.30023019006076,57.7080063563551,construction,9,69
298.8363756977053,87.46065884424465,58.12448557996929,sweet store,2,80
1306.7639163248205,114.1550387091095,34.37533224105732,frouts and vegetables,14,9
165.76300963802305,112.64815478111042,49.7255444962673,baker,14,96
588.1194852272928,112.43619924434392,24.297752801095434,sweet store,2,92
1081.0732360908128,85.45725648350263,37.52481364448495,eletronic,8,15
721.9091027957953,98.51133141799907,46.206720975506784,baker,8,56
405.7237158895059,103.55402001866507,26.64655641289899,frouts and vegetables,8,33
203.21109814901,107.60395702011927,46.10585745283823,supermarket,4,80
127.50613969062442,111.1958089586208,50.807807255546216,souvenirs,8,59
358.1831564002148,116.67844309097808,44.59180079228437,toys,4,98
480.84284114800994,98.59668577082707,23.390390664840087,paper store,2,40
86.88890794244799,108.59236438265171,42.076876871631114,eletronic,7,38
209.14087090323778,105.43157674390747,27.232514241796906,frouts and vegetables,3,94
72.26823919584785,78.37886919183475,50.53152853332904,pharmacy,10,26
5118.763433428651,99.2088969228669,46.81500697372624,mecanic,10,19
101.05583114872343,100.56636752260923,40.297561394957455,sportsware,11,45
650.7563502215728,118.76567611951995,34.83955271782626,ice cream,9,67
181.6507133114385,101.92241553881966,35.377247112949576,sweet store,2,19
173.0455363197591,91.31007545135368,36.908278765313604,baker,5,61
1145.2112736896713,104.44267543267426,35.212513783365225,toys,11,6
129.06949286838426,125.11512251147042,31.053926977804963,mecanic,3,28
10221.199515358921,96.26256711677281,35.60268941725825,mecanic,6,15
6369.273601218785,128.93955768707465,41.965547765115744,celphone,10,38
854.4520445251685,120.6368907893727,25.14439626963028,baker,2,97
251.267391062378,105.34100531738518,48.89630795623437,pharmacy,6,35
37.9229606496865,101.64567978550848,50.654803750653514,sweet store,1,24
283.4343954555583,89.65423099799256,54.0934744018558,baker,14,88
583.4256631224067,145.977962472385,36.37161439560341,ice cream,4,41
1513.7153595014213,91.08994957198456,54.53384477117701,toys,8,74
208.4644386262305,131.59144291461425,34.771399728467316,souvenirs,11,81
309.53230272106725,91.59626365808285,37.18215391139493,mecanic,3,95
117.64478486432381,73.11098977931445,30.813480535158018,clothes,3,57
304.89197538593237,79.91718466495864,32.32202434895871,baker,1,95
2809.212971557662,99.30630225226437,42.342147325365204,pharmacy,10,96
382.75102988420576,131.01000985628153,30.01645959261209,baker,14,69
3551.428704589595,119.68644796953167,37.86011155774491,supermarket,12,44
1298.6214844300735,99.01072580695134,46.74819492166604,sweet store,4,46
1204.084175229804,77.54555956875403,43.82409746184051,car wash,5,82
606.7562123616635,103.32904416426112,44.92451264008149,souvenirs,5,28
342.9406681975116,105.78337287815636,64.55300139910895,eletronic,11,31
4341.800397002053,87.24520031497369,34.690030449981826,restaurant,1,71
5740.283905751253,87.53718947150472,34.44522880839745,mecanic,4,28
679.8814227680512,87.25225745386965,51.89016531107552,pharmacy,7,60
240.26538396594538,128.4100849597971,34.29253706250524,restaurant,12,95
1007.2528382883653,83.35288853791542,44.71415556386404,sweet store,9,26
1744.3977163836503,88.95553911438057,46.32931817755511,souvenirs,10,99
490.37129623245784,104.058460417026,24.84255885002768,supermarket,6,48
511.65122335344745,130.95010402660122,57.95877673095522,toys,4,65
256.59486204009204,87.74422619031228,36.122984400640156,mecanic,12,26
672.495777154292,105.7173078144981,43.34456789987025,eletronic,7,86
3157.266625580534,113.1708854534566,60.102045387663495,toys,3,19
770.8945821345421,96.461055450119,32.01702755461546,construction,8,22
321.8187232893266,72.41361543970946,32.69069960058081,paper store,2,58
199.42026606100444,99.33746054252406,57.94557863517788,sweet store,1,34
2326.0392888399288,89.64777401927657,42.237879516388986,supermarket,6,38
465.84836020304783,99.67154207854496,51.88393273448084,pharmacy,10,89
1823.691455698518,150.53864851747244,34.69131227079679,restaurant,7,15
190.76020601509254,90.21121114963556,50.44160877069072,sweet store,8,5
1544.439687515415,113.63782979252623,58.46707325736034,pharmacy,3,7
1502.7534064439806,111.67856370651927,36.40707909212941,construction,5,25
577.5961807170244,111.81309661384618,51.087035805829075,clothes,1,31
374.56577489286803,116.40964362394729,45.07274031107298,sportsware,10,42
83.71302441568241,121.33349379178307,51.692955904456724,toys,11,38
1891.491114804208,127.64317982075055,46.48709887589643,baker,5,68
155.55935287825105,96.65763839366291,41.46713686433323,eletronic,14,43
2083.8789311593864,124.13017933016714,31.83064329012764,frouts and vegetables,9,35
252.73478808907726,107.37346617745803,36.06661187672639,restaurant,3,66
169.5293262770872,100.57489645869634,52.78451862607299,supermarket,13,35
201.1003931704954,103.82198136039807,40.46436548156149,eletronic,14,66
109.13684869304234,72.80287718040162,47.46253566027221,celphone,1,62
472.03254550620113,112.9096836228215,61.6325472330546,supermarket,7,29
325.944128334884,93.84443530093998,42.19150327663939,frouts and vegetables,10,14
6090.631164638974,104.9876736742151,55.77453279763475,mecanic,2,21
3499.0803008937705,98.09408935226095,42.790215257703395,mecanic,2,57
1174.0049592237235,112.15793019433079,41.86609123156358,market,5,59
1487.148700724946,91.07132770898943,41.94089992898308,sweet store,12,83
1276.5059914899475,121.47263499719544,29.7348470058894,clothes,13,63
477.5468831466135,102.65939348293752,32.99879185060827,market,11,29
592.7491551565477,123.90093257849685,24.768130952162252,frouts and vegetables,7,87
488.85100885562656,88.82156305456823,43.772118750645205,sweet store,4,85
741.0401516187906,131.31048058468681,39.34249738927012,souvenirs,3,73
152.9645852807139,88.89600946613604,58.8115706944059,eletronic,14,35
754.8682900400096,71.03972199167512,18.011940433799182,sportsware,9,10
162.82549076473515,108.80028900106664,34.97945775647389,paper store,3,82
1693.6666110762474,79.57534365738573,47.08356447299353,celphone,2,70
9367.015106550118,104.87601427542398,34.359213692632714,market,3,71
200.25992790143255,74.39391202658211,48.724573282801444,paper store,5,25
169.7984036873786,113.00402355917322,39.00824136220617,frouts and vegetables,13,58
2354.764265924276,136.9327399209533,29.299152336738473,pharmacy,14,14
4662.582918858299,69.48949658150522,33.080919301187556,eletronic,11,45
248.17296601404155,99.08827967289004,42.43339449322692,supermarket,4,53
289.61244662227534,95.1752788428734,43.520553965142966,restaurant,2,98
237.81018055277946,74.96921151619112,54.437646040732595,sweet store,8,80
417.0875090132581,98.35697643214863,51.172958315881274,paper store,12,32
1996.556410907275,106.85450692755408,44.567532191537836,baker,6,58
1365.1678560776734,111.39534560464408,44.47708560017315,construction,7,60
858.611548827769,112.85445519735087,53.29152530132431,eletronic,10,31
285.28817768601766,103.9304233940294,47.09003757588512,paper store,12,88
1464.5525199897352,98.20528611425547,54.40117215449473,baker,9,42
600.0163893036207,86.4721539588146,58.00940432910816,supermarket,13,70
194.369274559215,99.19684098711313,25.69224897881952,pharmacy,11,51
458.06123711422833,102.56208829821578,33.18948342525119,frouts and vegetables,5,54
632.4872203701191,116.81287097977449,33.47376020697609,frouts and vegetables,12,8
1110.0475934320104,91.07633133570441,21.104592690544692,supermarket,10,98
2965.120648897796,90.95387361501847,15.761206733710434,frouts and vegetables,9,80
711.8911205863117,68.32194353028554,47.604146561442974,toys,2,37
163.36225191558742,115.71600317301665,44.254575617849646,frouts and vegetables,2,62
537.4256617357291,80.66047713741574,39.5228864385802,ice cream,11,45
2353.704874323045,99.92794921818863,28.416353108074574,construction,5,91
2896.474593028545,130.067966035343,48.77362290575671,frouts and vegetables,14,87
477.6090719291569,95.58071652340672,40.26885838994531,baker,14,36
4709.611791850906,104.16765615895105,19.582651315757094,sportsware,13,96
2274.281996969257,95.05645234958806,33.180157520022014,souvenirs,3,17
509.6585153113791,79.96759980210169,37.18899707114045,restaurant,10,38
2452.9324256484347,135.95373053699046,46.4084286126701,frouts and vegetables,3,32
2715.9442274691482,88.57642020434406,45.72582781356159,supermarket,5,10
91.80993950022003,127.98710873172004,49.246336829127685,eletronic,14,13
223.43285424004057,101.19260739840348,33.53063222294426,construction,9,28
2081.238379961277,113.96446627227179,43.934853854217494,ice cream,13,26
1028.8162663606868,117.90386440055465,46.351718016819696,car wash,1,87
112.92122885224308,120.9910543063867,34.64764788439432,market,4,99
529.9161663345761,126.34788131268651,41.975996046923996,ice cream,8,93
260.9207309765104,141.5052174525053,33.10812181910432,pharmacy,12,46
171.2098488133604,134.719276063305,41.979107834626475,eletronic,1,81
356.2882061285392,86.97163992771104,35.16114165945678,paper store,8,56
770.5264637854175,93.5930538361136,44.241659464019165,frouts and vegetables,11,93
3924.1307305554446,110.45670976071,34.26299996061421,car wash,14,73
357.5961320188951,99.51290815478035,61.42270358611864,ice cream,12,21
69.54489329964599,134.55086340201422,44.36323669674032,celphone,13,49
950.6618700787062,100.760069563364,41.200313267182615,toys,8,26
2751.0631602404915,112.27035945460833,29.772074348015945,ice cream,5,31
356.3427079102446,94.8524692515331,23.314159261224106,clothes,10,67
380.01426496643467,107.98446245210559,46.47195939702741,restaurant,9,59
371.8722226442328,90.33627075401252,55.73986763290033,sportsware,4,10
1530.0489683756607,75.48468673995318,25.3562511979018,sportsware,9,46
777.0906449693541,104.48903637119945,50.470983026121544,toys,4,35
106.39942006173624,133.67855382915738,35.4111573713106,sportsware,8,30
1280.8423817371474,121.57361666862592,39.61491530499293,market,7,18
199.69397648555355,96.54745400118361,48.83659937486672,sweet store,10,23
66.8007562447001,113.0464575682684,24.236078430157505,construction,6,89
129.5590169904085,129.53080699451792,53.800913541474515,mecanic,9,54
809.1869285100115,87.48874596980941,43.95803533437409,pharmacy,5,40
240.6483063482542,109.88060372565478,42.60673765823907,ice cream,6,76
795.1919642594224,88.9938969230916,33.283766320619485,baker,12,85
455.7808949736378,99.48891858017109,51.72729019259364,clothes,10,30
218.04828334718854,110.87200309188864,36.29385667913894,eletronic,13,52
321.36267729942494,115.43397421296689,11.514573793699245,sweet store,1,15
1119.760581612268,122.97531400744207,22.602862212219005,pharmacy,11,56
598.0129782689797,92.75118117193736,28.80330105373856,supermarket,2,45
697.6807450968129,74.10637048558189,51.608267873785195,clothes,12,67
152.46467585334358,90.64597597376218,43.46503881730716,frouts and vegetables,6,24
571.7060764681128,99.06158842241632,44.770408272231215,frouts and vegetables,11,91
302.79890756262773,101.53643782120511,27.170077758114303,ice cream,1,59
1113.094837649768,119.9253363889428,35.06243416838687,mecanic,1,72
411.31659649805215,68.86836202680499,35.718848390340874,souvenirs,11,80
2964.4042446063418,130.01519581268622,48.50221742113493,celphone,6,42
383.3501073616842,93.02695731184282,36.50742295681571,clothes,7,26
764.059085193349,93.56729897565235,60.76747983560841,supermarket,4,9
1222.3613344524056,107.63870904463107,44.300416471910694,sweet store,13,73
752.4144765416206,120.60566908063684,42.387891590265134,construction,3,44
216.55335925960048,94.81915708358594,38.03650150915022,sportsware,11,39
347.1326554909539,98.56797481171873,39.627777634901584,frouts and vegetables,3,82
170.086716724672,114.5525908727396,40.519458858072994,market,7,90
1130.4998844412187,114.65280154431159,39.19283419891418,pharmacy,10,88
162.63266010301368,101.57270380632181,20.017993154678923,sportsware,10,52
1576.8448990838142,118.32655349404963,43.46488475897993,construction,4,71
1054.3719459534257,119.96020219719304,11.037446218063106,celphone,7,59
812.6431949173392,141.76749409561455,38.604103718448265,toys,9,23
808.9550510189579,122.16365633475033,29.60094072874469,souvenirs,6,6
2372.346269223266,112.2554781012514,29.46584436826344,sportsware,13,23
559.9472162735096,87.5246207860839,59.14031353866786,sportsware,2,63
820.9228187815638,96.18635198473307,42.17432873179723,celphone,3,99
359.2299707250728,117.40135461377508,44.95681887972604,car wash,13,76
320.598671416548,103.00837810287153,43.64961002466225,construction,11,65
113.53202454121947,148.0683117047655,39.42381202966415,mecanic,10,82
1396.1884835764154,104.02198093429935,50.50654396007612,market,11,40
312.9439057071543,122.11051865915968,51.8703030556038,sweet store,2,15
1327.659867185022,112.77460444058369,28.569950872695166,restaurant,5,65
114.95099744091203,132.6686306460219,28.53654606981312,supermarket,7,53
218.32763090409526,106.05270930478066,32.45724149980642,supermarket,3,71
791.2153226754081,98.71723306814015,43.2876241030348,baker,8,91
2060.756668567989,106.42714430900546,44.21920754235285,restaurant,5,52
6750.326489407586,132.27422538117293,44.5353430151398,supermarket,9,76
136.83753776976346,95.11686729418703,49.64087168288357,pharmacy,5,19
777.9147733892665,123.78940977849281,27.723921848630077,construction,11,47
159.0020945957449,111.94800139699716,47.01172742310898,baker,7,97
748.6534895341013,94.04872993280016,53.75706813311619,sportsware,9,98
134.99987108631103,96.99888825934947,41.255764534715425,supermarket,8,87
263.53506104544203,96.5385635143226,40.155790475814676,eletronic,5,80
454.89496178271384,78.07449826209597,25.599491174057057,souvenirs,7,73
126.44842492535099,131.89010126449944,31.530386516816723,restaurant,12,62
300.56504218716475,80.17215301087386,18.466098863962852,market,13,52
765.6910078089898,87.22076504620995,26.76910206592502,baker,11,86
1770.9267165604192,132.8403032027274,50.09817089342634,paper store,6,27
1570.6331631990383,86.23699309644553,62.52435805344309,celphone,4,84
5797.62240192986,119.63530973983188,36.75168616491378,market,4,87
947.81565853205,50.01188570252854,62.90942572590742,baker,11,70
271.15959971880216,72.20855066472808,23.54601253043108,sweet store,10,54
393.7853710303233,120.45140864019281,64.39752406339272,car wash,12,22
11983.965099879837,127.68545637021036,45.639091200523595,mecanic,14,52
347.12833622227606,111.89508683330573,48.53415558780308,restaurant,11,18
3335.38150333776,115.17857179573531,42.811914239693756,mecanic,9,87
970.5329372256912,102.08402207903752,39.374068721004775,paper store,7,31
418.8363051476931,84.92070822266648,37.19324923133226,sportsware,11,11
2588.2357160551387,66.1408637160923,39.0166037320525,construction,12,75
267.42988163596533,80.22817785698166,28.96410682784229,sweet store,5,59
1401.4002344033022,103.59788302306957,53.92002286344599,souvenirs,5,31
762.4144258377344,118.36633212004625,24.294993963768228,supermarket,12,15
1368.7864528630241,80.20743726859325,49.40771187988216,toys,7,53
42.77109647584075,80.35025212923381,37.753668500029754,toys,5,96
442.86799346939824,111.00104198049104,30.316555451363648,sportsware,1,63
844.4353320578125,102.1075101229192,26.659745050817953,supermarket,12,43
430.33540656534296,87.97264712097572,43.19781934142537,sweet store,11,84
521.88595851129,68.14012532936661,44.40474737960399,paper store,4,39
2185.461068599158,99.60724402146637,45.524899544171475,construction,10,48
1018.212927141519,104.47828268129322,53.64140429973844,car wash,5,56
374.537623972775,102.50449005295815,35.70594458874747,ice cream,8,93
413.9699050906104,102.44595006064567,45.43298029036388,mecanic,13,58
281.54225102042676,100.97720140651408,40.405916912038826,eletronic,11,48
81.55818997166625,85.96016624386489,33.37099082449052,sweet store,5,22
585.1796056148057,71.94789456400613,57.495767431869396,celphone,3,49
1078.2943713213035,75.1227352921743,33.07094802204092,clothes,2,20
503.0409308269889,85.63185468861604,48.949243769444415,restaurant,12,16
380.67196544604815,94.10100643415944,52.477420726737336,pharmacy,5,75
550.858339380423,86.53018751512263,42.78994162223802,car wash,11,5
788.9252471467152,83.29305893480486,61.45149127773388,market,12,97
541.084520252512,76.24803161940974,43.09820710227027,restaurant,9,46
2054.842458919449,112.67553761864197,44.137990974514985,toys,7,25
6454.095714006972,96.29424682244583,38.70179300266574,clothes,11,87
136.54008200670114,100.87622943958219,38.529979983715116,baker,13,54
515.7663429135293,119.27758233589819,62.10523001591351,ice cream,14,71
1055.1432698463072,88.85016429984333,26.301970204209223,sportsware,10,98
455.1559704707578,98.23435903297491,65.79709337654319,construction,9,31
549.4824005128343,83.92650864060539,56.391168054440676,sportsware,5,57
876.749623185776,133.55401628152882,34.46411758292005,ice cream,12,95
590.1589128607541,111.37966158370551,56.283966231285376,celphone,6,39
402.1626832392784,92.41744518025025,37.964196398976384,restaurant,3,16
2174.5640792886625,88.36638172102712,29.852432693071332,sweet store,7,74
132.54960698500327,87.01444909867986,27.760597332377436,supermarket,1,6
3201.8617974339572,100.68166936518452,32.30026768941358,paper store,1,57
164.91925776643575,104.67571823581495,24.44104353796373,car wash,8,52
569.1036213209072,106.61760464428914,48.33528961608925,sweet store,5,67
1372.9196338592374,60.12528714857089,43.74056569847572,sweet store,6,35
1430.626742149183,124.55337984946584,27.903589813087947,market,2,23
346.3883086293732,133.45144773675406,44.190190093660455,paper store,9,77
394.03795518956974,85.89976288483183,39.44230922342294,eletronic,13,96
273.43861840534964,111.16653825043444,40.760053914124114,sweet store,11,72
337.58494459122255,110.77511984892739,30.793264069206337,car wash,14,34
1035.257210822075,103.38721648072156,25.8628550309502,celphone,6,38
331.1144511217658,97.775478773026,30.960923585352102,celphone,2,91
333.00562459651576,85.28940114820466,52.36093175210438,clothes,7,84
420.94257318416044,121.82620241188538,46.09138120907177,ice cream,10,42
802.1763876472653,78.15374470654842,36.83591550305198,clothes,11,34
320.2184493392731,124.26195399958367,41.417169136399046,ice cream,5,55
185.0020344840168,146.3865907996339,43.93317839394372,baker,6,10
447.2754575101726,103.84098232980062,36.908835357974986,mecanic,13,17
272.2197765693794,102.67081809564564,38.47530163619456,mecanic,6,7
547.9993526281401,114.1621735337718,49.56702316794584,pharmacy,3,5
273.52431045446383,84.28021078984101,26.68767046442222,souvenirs,10,14
100.54950522970921,63.27589253793407,45.079913269125434,market,11,81
415.6586015821781,77.93266787652253,18.47109407047517,pharmacy,13,53
121.88675523385837,107.77157209061929,64.9299951743279,baker,10,18
749.4920627823491,99.87858176920213,48.38490774451642,toys,11,67
4810.311456842652,101.6365871709513,39.01110346808857,frouts and vegetables,13,94
198.85231100781925,118.38152965975537,37.097254558113484,ice cream,2,5
551.8546660063492,105.34784628143805,43.216978061960134,sportsware,1,33
1361.2741494039872,86.63819092713902,49.92042349536523,frouts and vegetables,12,95
4510.771849735439,96.50080486609183,32.442548405071555,celphone,2,48
625.9592821824394,110.73019687140807,31.015320182089628,market,9,72
241.73294661689874,100.56362314738257,39.90881003355796,pharmacy,1,38
768.077987578756,121.71791131663156,44.746982328799525,clothes,10,95
192.42022510107154,99.49946082509712,48.17766299200287,frouts and vegetables,2,15
211.99378044957166,127.80415098034626,45.578103063518626,pharmacy,8,51
4021.5635777129673,100.20705239686761,26.881637676498404,baker,9,77
5406.692634612673,78.69772673849255,36.94775295645332,sweet store,1,55
4397.371018976265,87.80975595681434,38.13028697014554,celphone,12,13
336.9904449890133,101.13299849794214,45.29692754356731,sportsware,10,21
599.3514314984343,98.59002443881818,44.86501643826202,clothes,5,22
261.1803512036206,101.2894882962024,20.245334336461287,celphone,5,86
245.53541688044857,81.21329212362491,38.55912444278385,mecanic,11,97
820.8282085564656,75.80610514317785,45.99928729996205,sportsware,3,53
1168.2538478673127,130.61501664687395,52.18761851697317,celphone,9,76
1567.0126199741514,95.73114258139584,54.90726136849952,ice cream,3,32
169.5706970840547,102.97334914404223,36.629140288819606,ice cream,6,27
318.27680447095076,87.7319467291812,36.975303135118715,restaurant,6,18
117.29822752655082,92.23646362917543,41.70416222375488,pharmacy,7,59
2728.8719252917563,103.2114796209973,40.03046020153415,toys,14,77
1975.8668698708234,108.73876339492699,51.906462747863415,souvenirs,6,96
526.1329168475455,118.99108270882647,25.151020315500965,pharmacy,13,35
128.6980168248706,48.9215773019609,49.34319911239274,ice cream,7,61
753.6716038806597,72.66242603169158,37.75234598107316,market,9,57
1265.934796094856,76.59773947881281,21.9801956241998,car wash,12,56
637.0038072753835,110.82925456409576,47.59155160302647,sportsware,7,99
261.6799988251107,88.4697919854656,14.089577078550903,souvenirs,8,16
162.61047436513854,89.07511103495034,43.91804005402547,supermarket,3,75
469.96401423627003,70.42176862451743,41.83359919779156,paper store,14,40
473.07793682918873,99.69380301654009,45.792914996010886,restaurant,3,16
1266.7222935528375,102.39160736828306,30.269310591184443,car wash,11,30
448.71607097793367,123.93143003328983,38.4147042697303,sportsware,11,71
2925.6613312495356,99.45390920980137,30.66732040926804,eletronic,4,80
2850.3806877309444,91.13435497616979,31.15197285973099,sportsware,14,71
3923.7803486638,96.54107880153154,57.11708480142343,construction,4,35
335.4659742962617,72.56197714137286,23.86438602123259,clothes,13,20
781.5631242272732,129.42340654987217,37.90676322848134,toys,5,18
1702.442955855344,86.61854522680167,50.39904687396076,baker,7,33
1148.4207747035525,87.88768920526272,58.260097135469366,ice cream,12,35
245.5052795976269,113.55851742678539,35.120885918542974,sweet store,6,76
424.3431474597659,143.14616426531006,33.94285076996662,pharmacy,13,40
874.0509355611513,114.84190744018613,42.99292580406492,pharmacy,5,26
2007.9007583148818,126.03482578797596,55.615111967268525,eletronic,5,96
893.8178772203072,100.64008298131533,32.46582129653817,toys,8,98
4641.7688722091525,109.19944285878233,33.22284630247894,car wash,8,89
320.34702254697686,140.26774495053246,41.36535331082737,construction,13,57
741.1231418057675,92.69356897375782,41.84680305864909,paper store,11,44
216.39623900929655,73.05747420940607,30.283859614893487,sweet store,1,51
415.7069302503255,124.00827815888852,33.43105721028604,celphone,4,53
275.2593942992863,79.0617803463612,45.36652752527286,souvenirs,10,71
716.5130338240858,123.71408309325994,47.18953310665067,construction,12,27
1075.8654622564698,119.92095371611633,32.43204911430539,paper store,8,84
76.80356229855988,71.56378666516312,55.01333651955487,eletronic,9,28
1003.558975295137,93.54640322315728,37.49166983544953,supermarket,9,51
604.3022797149607,126.56388283698115,45.5623000940066,frouts and vegetables,13,94
496.3128766074849,109.11775544163216,61.65002344901084,car wash,4,21
506.69528178873406,87.12963539239715,49.278401280812375,car wash,5,10
463.1569564074148,101.14026249794169,42.68592278863257,eletronic,12,26
125.2898387399332,130.56936852825064,45.07835756289624,supermarket,13,35
541.9453647112932,110.76592158099265,50.72507337309802,restaurant,8,35
86.18161228912504,92.70094540914229,31.607903326609936,baker,1,90
269.15846469364385,79.10381611957934,20.33643410623998,paper store,11,95
961.7553032922306,141.12414259880643,28.96791634278317,souvenirs,4,84
7947.910248473287,95.57492752828456,37.23186700111079,paper store,13,19
158.7371590599464,106.14813395618202,48.15737212539297,sweet store,10,84
155.96173741115444,117.2094697671949,34.16922561431062,construction,14,25
213.05677730580646,96.65756572427178,42.825799504882994,celphone,4,95
301.36220665041833,95.02617747632905,56.07345576019993,pharmacy,7,43
133.8636677566874,109.81949903276502,47.348777860498174,ice cream,2,98
2287.019034221972,113.25762537334825,51.73473857485325,market,6,27
158.7847461697961,103.62043117407414,27.031680520441533,celphone,7,81
735.6209166888544,107.99375903505283,33.48643106208171,frouts and vegetables,10,6
2429.158036181907,89.42766636500487,45.863640187550935,supermarket,11,57
245.89292951382026,124.76566142867271,40.21271576736061,baker,12,84
126.25844967974626,106.17666025197927,57.02214944635238,sportsware,2,60
619.9450746493512,104.81506358977137,66.01683114180395,ice cream,3,92
2836.404942954953,111.31019291263088,22.392372408441823,baker,1,96
393.7467056114124,115.06683242209066,43.81158384882778,clothes,10,58
273.5025155902339,125.79505508165491,46.73181351269958,paper store,8,35
726.9743920854296,97.23088032032453,27.757017637106344,souvenirs,1,67
3514.1235367802547,95.8195348542795,31.494795457907,celphone,11,83
695.6061559073125,88.38953100390555,45.8857840442061,sportsware,3,12
359.2856302854128,133.39809008702812,43.94671529822981,ice cream,13,30
237.26567708256152,76.0823387592963,44.446026682201406,supermarket,3,86
3132.673835902738,123.93262973291303,33.90217095680618,souvenirs,7,68
136.76920279241813,97.31965666654165,40.14688194729197,celphone,5,42
979.2168174124854,84.30203373835519,46.48280433843859,sweet store,9,71
238.32555206817096,97.58103702784437,44.195324439070276,car wash,2,83
164.3566408880465,82.25015644395799,35.62541699676589,toys,6,15
1649.253175905912,114.44762715655543,36.27166847908233,frouts and vegetables,12,20
240.4008197328999,134.5392770246681,36.003638143853976,celphone,11,65
539.5125241917995,104.49369451503772,49.325908318730896,toys,7,16
1735.8943290277834,71.63268534133937,22.39191188019224,construction,13,90
562.8703490529188,69.4868737085981,52.62584103427182,clothes,5,45
397.1031596298767,88.96283708215107,65.58199285668252,supermarket,5,99
246.82033747724245,88.71504802685223,41.84551303197037,clothes,13,67
2446.3419584896187,130.8421990513575,60.06092888159123,toys,9,54
80.8007391956935,141.23007153272795,52.083662305931426,baker,10,82
477.06981774113115,120.48125051622925,45.92526949201183,mecanic,14,47
553.3046712113733,115.56722152333276,34.488142836714665,construction,7,93
403.8091692857977,83.63602233155386,39.96625542589048,clothes,4,59
404.9182338271851,96.59630754950143,35.46771950672725,sweet store,12,57
457.2905257248307,113.92774894913431,49.553052085705104,car wash,13,23
276.929148705428,101.76813772583695,54.77530081055262,supermarket,2,38
100.68446535310795,77.1662177173299,38.06340540720282,sportsware,2,8
133.56784276669623,85.66355358794391,21.3346338292694,sweet store,13,25
1099.093869754859,98.34638628314602,38.78252491616716,celphone,3,36
671.9436405072565,130.26899486484263,46.30811684554777,sportsware,14,55
154.28021703349395,79.51626351341591,58.54092566334188,eletronic,7,62
4698.881869774535,124.42067391050706,45.82097703468616,market,4,36
178.3607056557762,95.47031802300336,30.405607632765204,sweet store,3,67
377.9869357996313,92.55586447857894,50.88748619704186,pharmacy,1,91
658.6615282574547,137.69172611869217,55.43243528272189,paper store,11,66
1392.7042408841846,90.22301156427451,28.803825667109887,celphone,12,96
232.8951519420259,102.81772493822407,22.315606344371485,celphone,5,65
781.6318200541838,106.46335428369562,38.52397413701331,sweet store,14,60
462.84331105898855,90.67926996263516,24.052969327332043,supermarket,7,66
188.43076650881198,110.27200213139433,34.672991603380886,ice cream,12,77
141.84127946770377,76.60166328579425,11.277377867183507,construction,8,89
447.3116574624114,99.44970189898727,57.72251596669744,car wash,5,60
398.07307159651964,133.2251842909574,35.429037434137285,toys,11,57
370.906631495616,87.95575879276439,44.68774256075024,pharmacy,2,74
272.10642755012293,80.03229121623417,43.01791899819466,car wash,4,94
747.4385733355521,115.32160556769381,52.26933223884308,paper store,10,24
544.020822733,97.99691847040094,37.96326249823034,supermarket,3,80
316.03497938560724,82.44034826486877,31.7311964596014,car wash,12,11
220.65319851887898,95.47042216196947,43.67365506816178,paper store,3,40
4839.103402898609,118.27169252466499,31.96821049319655,eletronic,6,47
1820.386834844395,129.85377137919045,37.28876398957431,mecanic,14,96
496.9520056800544,99.57265411303128,32.527883208521764,paper store,3,10
722.7563899983569,51.515194794541166,48.8404539636105,pharmacy,5,65
283.93557936077684,114.73687794184866,37.18672442881787,pharmacy,13,52
292.09239418341633,101.33981434449744,45.15939217704099,frouts and vegetables,3,49
491.3537312546234,68.74908286226915,34.70947322653705,frouts and vegetables,12,31
383.56103023424544,115.88529359243654,27.457105768307507,baker,3,18
4637.88386000679,105.87115864333259,26.43418195376595,car wash,13,54
2437.282765546798,109.32859964867053,39.643585177025166,sportsware,6,16
5401.638235174494,67.69736368188981,51.64739354457171,market,4,79
429.1143721439287,85.30816846403901,31.89747562985619,frouts and vegetables,13,12
2041.6645137762691,104.01138394461886,51.48637349428715,restaurant,8,55
302.13900832356785,79.68356362043207,40.61679849847972,construction,8,56
142.8346625914278,108.57633000661146,46.93105607263144,paper store,7,43
1123.7985051560272,103.5288311055445,36.329721609166775,paper store,1,72
172.1930461851764,83.44819558702561,40.86143883046375,frouts and vegetables,11,49
711.35591319324,78.55721976028786,10.786495165053928,car wash,6,76
408.75998547320023,108.73119608315335,49.039348410861955,souvenirs,14,90
551.4658130621606,52.741351289163234,29.902692952900622,restaurant,1,46
1012.0657737983762,112.38308522010395,60.574954697116986,paper store,5,67
629.1279278566496,100.41587415350816,32.71997058770866,pharmacy,2,35
265.01268395054524,96.3420711779032,53.74876419148185,frouts and vegetables,11,32
1732.0300850357958,87.0807164175093,32.00807993349746,souvenirs,5,23
1069.8575991265805,90.34512955635935,30.466713917412875,toys,2,57
59.35987035050675,102.4534063198959,56.246784584695604,paper store,6,6
326.3442270307677,106.46158546232058,37.47646497873713,toys,14,97
236.6467905985926,94.16377462168911,24.36809191303343,sweet store,14,36
439.3244706659302,117.66219554294318,39.22162802987198,baker,3,47
767.3842335899233,96.39040172818748,71.93107567844861,sportsware,3,30
182.40918110798998,105.97505816731372,32.48208949904816,sweet store,9,16
420.7977260745554,91.47284807588913,51.48445709196755,eletronic,14,13
125.28722289243888,102.26540821075528,25.617220216826333,ice cream,10,85
267.6242462664334,118.38457869150407,33.31855914461006,pharmacy,8,55
190.17918134947308,137.4659555243509,50.80048065714649,market,4,85
492.8133306667947,91.05356208682498,52.81016361735113,frouts and vegetables,7,26
201.33931897956109,101.35711021054807,48.52773675122219,frouts and vegetables,14,90
229.54396380474236,109.6946563458895,31.536433450091266,celphone,1,83
1790.214372354681,87.12900335365076,50.29960817581161,celphone,4,33
151.38937793130617,93.30449335786918,35.96351536758003,souvenirs,11,68
314.5695907514222,80.89754841301294,44.235990655934614,baker,9,27
273.03347472811345,141.2504983848629,29.32467085745727,car wash,8,88
849.6407019641999,100.48438913345517,54.12220555415429,restaurant,6,7
335.5868461493102,98.40717217508569,44.52371796249734,celphone,7,41
578.0621594375983,78.75212943706241,44.28307097207649,ice cream,14,90
693.9577781760385,96.25711469990902,49.85729995679863,baker,2,85
519.3888448226382,123.74772103129501,65.89563642018614,clothes,6,40
1349.2374426919248,111.59266346427151,43.257963165821664,celphone,11,91
830.880472955969,103.88768603154672,36.46833707189312,frouts and vegetables,4,37
256.9502987019439,106.76967686923382,37.04598589860971,clothes,7,78
2957.261519064789,103.36921952539228,53.1759753560796,frouts and vegetables,12,64
2349.2874504007586,79.86914869440717,51.39878561129045,pharmacy,10,45
5804.534776166138,126.34230134679731,38.81931473008921,pharmacy,13,87
3248.1596819612714,57.56290201982811,33.921780129055676,pharmacy,9,14
554.3125416453234,125.93989093122218,39.77131937701118,souvenirs,10,75
1229.569612165275,80.01395535410178,34.95225078771782,mecanic,12,32
2163.667952631089,116.81240053009105,45.4673356820138,market,3,69
79.47410837390089,95.22135801660612,36.33175588185313,market,5,73
1095.7570278281685,92.16483701912357,30.775898155014975,sweet store,7,91
1238.492090030053,132.30751378938885,36.7767953078866,pharmacy,12,62
448.7358199113103,124.34317041650993,55.213160519224516,ice cream,7,22
640.8300678677208,119.9662179629592,35.683796872819514,supermarket,8,64
1299.6318778956734,108.07460180673219,39.758043936090836,clothes,12,89
230.07553688313988,81.92596278539745,43.24359281721603,sweet store,10,39
257.2765468949751,76.41920417680396,51.87679388461564,construction,1,92
505.43047531308116,90.70765405403213,42.01159655872839,souvenirs,14,22
248.3499972566001,105.66575743092284,37.410950262959226,souvenirs,8,35
1819.7086552519727,111.7338760295055,35.25096343377476,paper store,3,56
739.3694690122304,117.42594594914488,26.540203197532513,sportsware,1,55
200.9161729689015,102.52759159092824,59.389289990582846,pharmacy,1,44
3060.336307379202,79.9933735078885,33.222550294751485,paper store,14,93
478.24736540154436,110.2781569931783,41.79581781939598,frouts and vegetables,3,49
103.58535115473114,107.01260198547118,44.891871301476634,supermarket,12,16
184.4298044434545,112.6944293712354,51.09699841956223,eletronic,3,53
525.3742319248219,108.19637313857025,37.58742345381457,sweet store,4,71
745.9909105355574,113.45147402405462,58.99881934895215,frouts and vegetables,9,84
558.8807168509004,97.34732507234853,30.254706953293585,sweet store,6,61
636.8797501986577,122.14161338573945,38.796188360464015,souvenirs,14,90
2902.063730062332,56.546609079719275,48.47421677150422,market,1,48
7848.651249144206,89.29343628092154,39.094667176958396,souvenirs,6,40
353.0630095213571,106.63960661138029,41.904996797790666,mecanic,6,46
75.12004193012217,114.1890363427808,35.645136294301565,mecanic,8,36
1942.3593836916991,110.26211596352165,37.40453322416083,restaurant,8,47
576.0648758679152,114.77620961775006,46.153674840130535,restaurant,6,39
871.7758995059943,81.29122595910809,50.85982116175032,souvenirs,7,96
4384.085711212962,89.28073109771904,48.08057798281145,market,5,81
1146.444549951428,107.34574626802682,58.38183676795123,mecanic,6,80
170.99552603247207,95.53068035256295,36.506832038818025,restaurant,2,14
1520.052331612016,99.61160788224535,36.968202171657246,celphone,14,31
210.84186566021913,115.998838038841,23.83689391563412,pharmacy,9,65
844.4665403012623,78.92635161707292,29.32197078420807,clothes,12,83
1547.6844820982312,119.00615183947151,57.10613372581925,clothes,8,84
200.39799823947965,97.91101562925057,38.311782768099896,frouts and vegetables,1,87
198.41573868261935,101.40104326226363,51.61878302608191,car wash,2,73
128.04289079807813,81.45293731618852,42.38368982734785,ice cream,7,96
2235.672365224323,119.5039525956486,45.01094169939845,souvenirs,12,99
1451.4139325030455,103.79163233197487,50.01046092567141,paper store,11,28
853.3419552552848,45.93535414001526,46.77875319530908,sweet store,5,72
1075.6458984158764,86.91848633745153,21.693671031435432,baker,14,43
961.7164930672552,110.22405199049962,53.73658545162958,car wash,3,47
520.0236296836194,97.25102970744616,49.528745472029385,pharmacy,11,66
315.6309949717836,132.24556515977292,53.14914453584048,frouts and vegetables,3,36
2041.289891625815,132.79929058742786,47.42127491071892,clothes,8,79
1386.5356443874869,101.50867277803185,23.980341881028316,supermarket,8,68
114.861977564477,95.07875023740102,31.567534046838084,car wash,3,86
398.3112267649485,143.4188543499563,38.24114187567663,pharmacy,3,23
238.46484277952618,102.46409613568972,45.51485376040468,car wash,13,68
159.59985117111955,100.87204892744907,56.95051040430753,frouts and vegetables,8,56
159.55374659281597,87.54701276531097,41.94607455237243,clothes,11,48
451.1843457549546,85.15058828603904,26.799774887792942,market,12,81
695.7569945328506,87.76461818189429,39.62963202951588,paper store,14,11
285.8193378262837,91.4139555096548,33.07579020126144,car wash,14,21
2017.8668797858734,71.87365072656333,39.16894427371305,pharmacy,2,16
89.3291363364524,69.90559251937995,47.60055963689602,supermarket,13,10
4962.5132415686185,101.64879505869007,25.424485005350697,baker,1,49
335.47338107317364,93.81581845900273,32.478435944094166,souvenirs,7,60
159.39303281665934,106.3834902083836,53.40450446023144,market,3,49
2796.0484061487928,62.49655060708511,41.150260791474174,construction,4,92
1135.1815437678422,96.79734408866719,46.713400764504655,baker,2,81
475.24810460463436,104.26393256475379,32.48030668261181,construction,13,78
436.01707442813336,93.61892128666764,32.03974143196511,toys,3,28
142.60496988668592,121.52014277197196,40.21311648671942,toys,5,56
1651.388190331222,138.02381371506016,39.39339186185379,frouts and vegetables,6,5
298.74938237066465,85.83186466179075,24.86285607387173,pharmacy,14,93
1738.5646377602325,63.9372064748811,24.158640569945103,pharmacy,8,12
281.52027151442996,105.34253302022967,45.08725023229934,souvenirs,10,48
168.62455443310046,68.37618595935733,48.950383140761154,clothes,7,81
382.8870178328873,90.3387789663312,41.467930119855495,mecanic,2,46
698.4441120111032,132.2444125651085,48.96839315865532,market,11,83
1111.8440126933915,94.62938704188335,31.088077745847126,souvenirs,2,93
178.20206973056452,56.9636919734139,32.8084668075758,market,7,81
276.15500656425695,95.7773952234461,30.12820472848816,baker,14,24
887.0460698572532,97.3748606581539,40.768518829587684,sportsware,4,66
275.2644793005427,95.50288036383843,33.4999741917654,paper store,7,17
435.07579502265037,103.37309343933455,44.41940649569409,toys,8,32
312.9192593649933,78.19201845114307,54.1093237974627,eletronic,1,51
999.3697844900674,98.02823735431477,40.188496229448475,paper store,14,57
3996.86176145401,114.16428846513114,42.332161312635016,paper store,9,78
137.42699278703276,119.0627326782649,42.87124165201824,restaurant,13,57
938.4795716329453,87.75125250719124,43.61503525206102,ice cream,2,17
371.6607934464796,77.12547585358676,41.085597057765234,mecanic,4,58
2436.0263275911216,99.33540018711078,37.918831427274604,paper store,8,57
455.76847261905516,97.42924977122138,21.18150954502361,souvenirs,2,9
431.230529464127,89.02550184518077,40.928449011411146,paper store,11,26
1330.0577019577997,103.19712783994801,29.72324859074042,eletronic,10,8
698.836302016883,125.31415681729402,31.338251517854992,mecanic,9,58
1233.2070537635211,119.38914401053474,44.27194361871685,clothes,1,43
2359.638244846307,87.07545380312393,57.75310892609512,ice cream,5,93
331.1123259316565,76.1272633648704,49.191541736100014,pharmacy,5,85
342.23884953185006,120.01164636085957,33.293797909233554,construction,1,35
151.74900821728806,127.84930600128658,37.49953485401047,pharmacy,1,26
5343.325794730841,105.77387258559715,42.603218387712204,pharmacy,14,30
545.5623560702993,97.31382517058904,48.10808273159782,market,5,73
1511.6955696772302,115.86977441104426,22.514680267618193,eletronic,14,35
980.0841132140862,126.08680485756305,23.375080119643258,toys,4,83
651.7746487618633,120.65092408683314,51.26705136827583,sweet store,2,6
777.1948304071773,78.18067139569604,35.891857120454155,toys,2,72
241.72742427803678,77.88590663028128,37.850789697112646,paper store,3,16
483.2199838246829,93.83931431628517,47.796605322693395,paper store,14,98
2074.342252149444,126.20617492239217,53.95683810789956,toys,7,13
319.9638534322571,88.75663946843396,37.90778126255472,market,8,88
766.4254727958992,66.331236155581,31.94129933503811,construction,13,7
422.67049253038977,119.29703266194915,56.15582823548232,pharmacy,3,10
196.88114608384217,75.31302256240156,34.075357408471056,clothes,12,57
3252.31076052931,99.47188486082146,42.80161158819607,restaurant,6,77
412.4617648656822,83.80792960156708,44.24061044464089,eletronic,13,10
654.547291936349,90.52321305858167,39.855477291217206,supermarket,2,55
1038.7159669155315,110.925684960074,40.064222698109376,market,3,36
485.003642297551,91.27228218946863,38.90390196074169,car wash,9,77
11928.858559641898,98.2327408158933,36.29988970117872,souvenirs,14,99
158.72538983010236,94.82407874665795,55.986471705047165,eletronic,5,85
1974.71095507512,111.21838895882478,37.045196819708394,celphone,8,31
78.96824880525583,113.93908809021471,36.6618051024399,restaurant,13,77
3116.192503570938,123.46249275173282,43.69642192198094,car wash,14,68
526.3297275215505,97.85395711991542,44.477169258102776,toys,2,55
2332.249909244977,68.58247695863001,28.73232531090195,sweet store,12,68
346.7902537151092,76.12149987201889,41.429430947637066,supermarket,8,73
4161.56136374991,134.65029998970184,62.31300146192632,celphone,11,42
176.73479651322623,112.76102202881515,45.00844474944457,sportsware,10,10
310.1643574559928,63.97884531694522,34.57326200265978,toys,14,63
329.52701132599475,84.24432496183522,33.79152401748884,clothes,9,20
677.4541794023964,96.63712362830421,35.27909422302873,pharmacy,3,19
3323.040733964703,60.414003792484245,47.47910256117534,market,5,58
4148.982556399691,78.54513948520386,42.39246864111149,sweet store,10,28
8749.73295655504,141.48165339499946,30.806154084135766,ice cream,6,44
442.9971780105027,49.39424954507341,37.139957781198895,eletronic,6,85
985.8677575457466,122.01919269997143,59.583474542205934,market,5,98
407.12198174019954,75.40900811095166,44.966992232365214,souvenirs,14,9
506.506628760608,90.69379086439893,38.94051645695864,restaurant,7,45
717.949526337366,152.8868669403407,24.970296716048466,eletronic,13,48
224.396385213533,105.07479322989147,44.676931717654334,eletronic,14,14
1571.7295635939738,121.71572649878695,40.97983153470896,ice cream,3,92
2015.9899663865328,106.16101079008205,36.08351432578209,clothes,3,43
737.9402856246745,105.38253882490214,36.5680772450259,sportsware,10,53
2710.8523686080694,112.43143779712102,36.30389663956366,baker,14,30
230.96918195219973,107.54200787804373,39.707371863150215,clothes,13,82
957.5741225236028,122.52100501544336,39.48606276411514,celphone,3,21
5442.578338553633,64.53935063586238,52.619215007139914,clothes,10,85
2596.3114203299156,81.88535398274762,33.4623366135118,car wash,14,32
363.6783512301638,88.08677411913015,53.74438093170817,sweet store,12,7
1168.3358314136744,57.28651572042609,71.37748533659993,supermarket,3,49
3142.1048827424866,121.12113618132103,42.2323891412916,restaurant,13,86
2943.833460282455,98.90211998767427,42.85554074857657,mecanic,3,75
286.03615808149266,110.42244856758677,46.45215585950057,celphone,10,89
155.991288077209,111.11208932006897,40.895806812552486,market,7,49
327.0100353873719,96.05323159385348,38.487267163464885,sweet store,13,45
1814.8004049241401,96.10183439294639,51.337700968670646,clothes,3,38
2301.4182654778756,111.87113444561723,10.596113653357197,car wash,4,52
585.8929947094692,113.11801553059522,41.94736194718775,eletronic,10,45
104.28468392460445,99.62582487108205,36.11481546911114,ice cream,8,74
411.5794373045495,122.48225439972026,49.475264621228575,sportsware,11,77
754.2913322638406,84.54244664352782,44.07052287124535,market,13,74
1943.9241162883443,80.56686530917428,26.203818352110694,construction,3,40
103.8191160932106,87.4656555082007,48.62393472382759,toys,7,17
340.8130499721485,119.06250090752174,45.130854200972934,construction,9,57
120.75997509160334,114.50191573695994,45.16178287114958,mecanic,3,20
96.49283349415691,87.17036809554095,44.31922544673941,market,8,90
141.87538203429676,116.00819050455365,47.542913298135744,souvenirs,3,28
424.6445225878339,123.77826742949286,47.083038472010635,paper store,11,56
221.34680399780132,107.02896415083165,50.701502383164275,celphone,4,25
807.5360255021176,99.4695748150188,31.18125348772282,construction,7,6
1955.6905934478405,96.73866072112472,32.55097355193551,celphone,8,7
